{"train_loss": 0.07285692179575562, "train_prec": 0.9711274340748787, "train_rec": 0.9744342744350434, "train_tp": 9843.0, "train_fn": 260.0, "train_fp": 294.0, "train_tn": 9853.0, "val_loss": 0.8094138264656067, "val_prec": 0.9637858033180237, "val_rec": 0.33292652368545533, "val_tp": 377.0, "val_fn": 745.0, "val_fp": 12.0, "val_tn": 1116.0, "_timestamp": 1703177320.963518, "_runtime": 1387.6137788295746, "_step": 47}