{"train_loss": 0.06360652833245695, "train_prec": 0.9762985676527023, "train_rec": 0.9777044147253037, "train_tp": 9878.0, "train_fn": 225.0, "train_fp": 239.0, "train_tn": 9908.0, "val_loss": 0.6815083146095275, "val_prec": 0.9725116848945617, "val_rec": 0.4356028914451599, "val_tp": 487.0, "val_fn": 635.0, "val_fp": 14.0, "val_tn": 1114.0, "_timestamp": 1703177378.4634933, "_runtime": 1445.113754272461, "_step": 49}