{"train_loss": 0.3034337405115366, "train_prec": 0.8700811475515365, "train_rec": 0.8731721870601177, "train_tp": 8820.0, "train_fn": 1295.0, "train_fp": 1323.0, "train_tn": 8812.0, "val_loss": 0.46779968010054696, "val_prec": 0.9154317908816867, "val_rec": 0.6872906353738573, "val_tp": 801.0, "val_fn": 367.0, "val_fp": 74.0, "val_tn": 1008.0, "_timestamp": 1703147138.7373936, "_runtime": 303.19860768318176, "_step": 9}