{"train_loss": 50.33954329490662, "train_prec": 0.0, "train_rec": 0.0, "train_tp": 0.0, "train_fn": 10168.0, "train_fp": 0.0, "train_tn": 10082.0, "val_loss": 49.53718015882704, "val_prec": 0.0, "val_rec": 0.0, "val_tp": 0.0, "val_fn": 1113.0, "val_fp": 0.0, "val_tn": 1137.0, "_timestamp": 1703182877.1949584, "_runtime": 979.0409433841705, "_step": 24}