{"train_loss": 0.2552152041345835, "train_prec": 0.8927035659551621, "train_rec": 0.8996217876672745, "train_tp": 9158.0, "train_fn": 1024.0, "train_fp": 1102.0, "train_tn": 8966.0, "val_loss": 0.5878361940383912, "val_prec": 0.557625663280487, "val_rec": 0.9991379261016846, "val_tp": 1084.0, "val_fn": 1.0, "val_fp": 849.0, "val_tn": 316.0, "_timestamp": 1703180427.9635568, "_runtime": 547.6241357326508, "_step": 49}