{"train_loss": 0.6969779878854752, "train_prec": 0.4994734041392803, "train_rec": 0.49572235718369484, "train_tp": 5028.0, "train_fn": 5110.0, "train_fp": 5048.0, "train_tn": 5064.0, "val_loss": 0.6933459877967835, "val_prec": 0.49958736896514894, "val_rec": 0.7002784609794617, "val_tp": 794.0, "val_fn": 351.0, "val_fp": 798.0, "val_tn": 307.0, "_timestamp": 1703184418.153247, "_runtime": 173.13406610488892, "_step": 22}