{"train_loss": 0.3392168030142784, "train_prec": 0.8496006563305855, "train_rec": 0.8542755365371704, "train_tp": 8640.0, "train_fn": 1478.0, "train_fp": 1533.0, "train_tn": 8599.0, "val_loss": 0.6563578367233276, "val_prec": 0.5251459360122681, "val_rec": 0.9967221856117249, "val_tp": 1104.0, "val_fn": 3.0, "val_fp": 1032.0, "val_tn": 111.0, "_timestamp": 1703181471.8324802, "_runtime": 541.7087852954865, "_step": 49}