{"train_loss": 0.35472008120268583, "train_prec": 0.8552475050091743, "train_rec": 0.839553153514862, "train_tp": 8471.0, "train_fn": 1644.0, "train_fp": 1511.0, "train_tn": 8624.0, "val_loss": 0.5288456976413727, "val_prec": 0.7651056183709039, "val_rec": 0.7400703761312697, "val_tp": 864.0, "val_fn": 304.0, "val_fp": 266.0, "val_tn": 816.0, "_timestamp": 1703146732.9122505, "_runtime": 303.55063247680664, "_step": 9, "_wandb": {"runtime": 303}}