{"train_loss": 0.6960055351257324, "train_prec": 0.5076727129518985, "train_rec": 0.5035823494195938, "train_tp": 5122.0, "train_fn": 5038.0, "train_fp": 4956.0, "train_tn": 5134.0, "val_loss": 0.6932924866676331, "val_prec": 0.49249690771102905, "val_rec": 1.0, "val_tp": 1115.0, "val_fn": 0.0, "val_fp": 1135.0, "val_tn": 0.0, "_timestamp": 1703184203.1642022, "_runtime": 157.13448119163513, "_step": 20}