{"train_loss": 0.18692029938101767, "train_prec": 0.9257762879133224, "train_rec": 0.9213207602500916, "train_tp": 9309.0, "train_fn": 800.0, "train_fp": 746.0, "train_tn": 9395.0, "val_loss": 0.5152764797210694, "val_prec": 0.7584249615669251, "val_rec": 0.874304187297821, "val_tp": 993.0, "val_fn": 142.0, "val_fp": 329.0, "val_tn": 786.0, "_timestamp": 1703183979.198755, "_runtime": 371.53751707077026, "_step": 49}