{"train_loss": 0.2882851831614971, "train_prec": 0.8795705877244473, "train_rec": 0.8847952544689178, "train_tp": 8926.0, "train_fn": 1174.0, "train_fp": 1218.0, "train_tn": 8932.0, "val_loss": 0.395825015174018, "val_prec": 0.8001132011413574, "val_rec": 0.888118757141961, "val_tp": 1003.0, "val_fn": 125.0, "val_fp": 250.0, "val_tn": 872.0, "_timestamp": 1703147594.061488, "_runtime": 309.49262499809265, "_step": 9, "_wandb": {"runtime": 309}}