{"train_loss": 0.21987332887947558, "train_prec": 0.9026890948414803, "train_rec": 0.9116868853569031, "train_tp": 9222.0, "train_fn": 890.0, "train_fp": 994.0, "train_tn": 9144.0, "val_loss": 0.48058570027351377, "val_prec": 0.696305513381958, "val_rec": 0.9734810709953308, "val_tp": 1095.0, "val_fn": 31.0, "val_fp": 470.0, "val_tn": 654.0, "_timestamp": 1703179017.6402118, "_runtime": 1452.6446828842163, "_step": 49}