{"train_loss": 0.337563606351614, "train_prec": 0.8528942361474037, "train_rec": 0.8426483511924744, "train_tp": 8528.0, "train_fn": 1591.0, "train_fp": 1469.0, "train_tn": 8662.0, "val_loss": 0.5930904865264892, "val_prec": 0.5898126721382141, "val_rec": 0.9890061736106872, "val_tp": 1129.0, "val_fn": 11.0, "val_fp": 792.0, "val_tn": 318.0, "_timestamp": 1703183381.830554, "_runtime": 369.8008539676666, "_step": 49}