{"train_loss": 0.005594867835316109, "train_prec": 0.9973449915647506, "train_rec": 0.9987451061606407, "train_tp": 10130.0, "train_fn": 13.0, "train_fp": 24.0, "train_tn": 10083.0, "val_loss": 0.9100365519523621, "val_prec": 0.9092030048370361, "val_rec": 0.7916377902030944, "val_tp": 888.0, "val_fn": 235.0, "val_fp": 79.0, "val_tn": 1048.0, "_timestamp": 1703149240.265195, "_runtime": 1519.847072839737, "_step": 49}