{"train_loss": 0.6183021783828735, "train_prec": 0.6572635665535926, "train_rec": 0.6570655897259712, "train_tp": 6617.0, "train_fn": 3463.0, "train_fp": 3464.0, "train_tn": 6706.0, "val_loss": 0.734749722480774, "val_prec": 0.5108770787715912, "val_rec": 1.0, "val_tp": 1160.0, "val_fn": 0.0, "val_fp": 1089.0, "val_tn": 1.0, "_timestamp": 1703179528.725244, "_runtime": 298.96996903419495, "_step": 8}