{"train_loss": 0.01722988720284775, "train_prec": 0.9928594619035721, "train_rec": 0.9943859472870826, "train_tp": 10029.0, "train_fn": 57.0, "train_fp": 72.0, "train_tn": 10092.0, "val_loss": 1.148616409301758, "val_prec": 0.8289637207984925, "val_rec": 0.8841950297355652, "val_tp": 1019.0, "val_fn": 127.0, "val_fp": 204.0, "val_tn": 900.0, "_timestamp": 1703175773.406137, "_runtime": 1429.3837099075317, "_step": 47}